data_in,valid_in,data_out,valid_out
 [X X X X], 0, [[0] [0]], 0
 [X X X X], 0, [[0] [0]], 0
 [X X X X], 0, [[0] [0]], 0
 [X X X X], 0, [[0] [0]], 0
 [X X X X], 0, [[0] [0]], 0
 [X X X X], 0, [[0] [0]], 0
 [X X X X], 0, [[0] [0]], 0
 [X X X X], 0, [[0] [0]], 0
 [X X X X], 0, [[0] [0]], 0
 [X X X X], 0, [[0] [0]], 0
 [X X X X], 0, [[0] [0]], 0
 [X X X X], 0, [[0] [0]], 0
 [X X X X], 0, [[0] [0]], 0
 [X X X X], 0, [[0] [0]], 0
 [X X X X], 0, [[0] [0]], 0
 [X X X X], 0, [[0] [0]], 0
 [X X X X], 0, [[0] [0]], 0
 [X X X X], 0, [[0] [0]], 0
 [X X X X], 0, [[0] [0]], 0
 [X X X X], 0, [[0] [0]], 0
 [X X X X], 0, [[0] [0]], 0
 [X X X X], 0, [[0] [0]], 0
 [X X X X], 0, [[0] [0]], 0
 [X X X X], 0, [[0] [0]], 0
 [X X X X], 0, [[0] [0]], 0
 [X X X X], 0, [[0] [0]], 0
 [X X X X], 0, [[0] [0]], 0
 [X X X X], 0, [[0] [0]], 0
 [X X X X], 0, [[0] [0]], 0
 [X X X X], 0, [[0] [0]], 0
 [X X X X], 0, [[0] [0]], 0
 [X X X X], 0, [[0] [0]], 0
 [X X X X], 0, [[0] [0]], 0
 [X X X X], 0, [[0] [0]], 0
 [X X X X], 0, [[0] [0]], 0
 [X X X X], 0, [[0] [0]], 0
 [X X X X], 0, [[0] [0]], 0
 [X X X X], 0, [[0] [0]], 0
 [X X X X], 0, [[0] [0]], 0
 [X X X X], 0, [[0] [0]], 0
 [X X X X], 0, [[0] [0]], 0
 [X X X X], 0, [[0] [0]], 0
 [X X X X], 0, [[0] [0]], 0
 [X X X X], 0, [[0] [0]], 0
 [X X X X], 0, [[0] [0]], 0
 [X X X X], 0, [[0] [0]], 0
 [X X X X], 0, [[0] [0]], 0
 [X X X X], 0, [[0] [0]], 0
 [X X X X], 0, [[0] [0]], 0
 [X X X X], 0, [[0] [0]], 0
 [X X X X], 0, [[0] [0]], 0
 [X X X X], 1, [[0] [0]], 0
 [0 1 2 3], 0, [[0] [0]], 0
 [0 1 2 3], 2, [[0] [0]], 0
 [28 29 30 31], 0, [[0] [0]], 0
 [28 29 30 31], 1, [[0] [0]], 0
 [4 5 6 7], 0, [[0] [28]], 3
 [4 5 6 7], 2, [[1] [29]], 3
 [32 33 34 35], 0, [[2] [30]], 3
 [32 33 34 35], 1, [[3] [31]], 3
 [8 9 10 11], 0, [[4] [32]], 3
 [8 9 10 11], 2, [[5] [33]], 3
 [36 37 38 39], 0, [[6] [34]], 3
 [36 37 38 39], 1, [[7] [35]], 3
 [12 13 14 15], 0, [[8] [36]], 3
 [12 13 14 15], 2, [[9] [37]], 3
 [40 41 42 43], 0, [[10] [38]], 3
 [40 41 42 43], 1, [[11] [39]], 3
 [16 17 18 19], 0, [[12] [40]], 3
 [16 17 18 19], 2, [[13] [41]], 3
 [44 45 46 47], 0, [[14] [42]], 3
 [44 45 46 47], 1, [[15] [43]], 3
 [20 21 22 23], 0, [[16] [44]], 3
 [20 21 22 23], 2, [[17] [45]], 3
 [48 49 50 51], 0, [[18] [46]], 3
 [48 49 50 51], 1, [[19] [47]], 3
 [24 25 26 27], 0, [[20] [48]], 3
 [24 25 26 27], 2, [[21] [49]], 3
 [52 53 54 55], 0, [[22] [50]], 3
 [52 53 54 55], 1, [[23] [51]], 3
 [28 29 30 31], 0, [[24] [52]], 3
 [28 29 30 31], 2, [[25] [53]], 3
 [56 57 58 59], 0, [[26] [54]], 3
 [56 57 58 59], 1, [[27] [55]], 3
 [32 33 34 35], 0, [[28] [56]], 3
 [32 33 34 35], 2, [[29] [57]], 3
 [60 61 62 63], 0, [[30] [58]], 3
 [60 61 62 63], 1, [[31] [59]], 3
 [36 37 38 39], 0, [[32] [60]], 3
 [36 37 38 39], 2, [[33] [61]], 3
 [64 65 66 67], 0, [[34] [62]], 3
 [64 65 66 67], 1, [[35] [63]], 3
 [40 41 42 43], 0, [[36] [64]], 3
 [40 41 42 43], 2, [[37] [65]], 3
 [68 69 70 71], 0, [[38] [66]], 3
 [68 69 70 71], 1, [[39] [67]], 3
 [44 45 46 47], 0, [[40] [68]], 3
 [44 45 46 47], 2, [[41] [69]], 3
 [72 73 74 75], 0, [[42] [70]], 3
 [72 73 74 75], 1, [[43] [71]], 3
 [48 49 50 51], 0, [[44] [72]], 3
 [48 49 50 51], 2, [[45] [73]], 3
 [76 77 78 79], 0, [[46] [74]], 3
 [76 77 78 79], 1, [[47] [75]], 3
 [52 53 54 55], 0, [[48] [76]], 3
 [52 53 54 55], 2, [[49] [77]], 3
 [80 81 82 83], 0, [[50] [78]], 3
 [80 81 82 83], 1, [[51] [79]], 3
 [56 57 58 59], 0, [[52] [80]], 3
 [56 57 58 59], 2, [[53] [81]], 3
 [84 85 86 87], 0, [[54] [82]], 3
 [84 85 86 87], 1, [[55] [83]], 3
 [60 61 62 63], 0, [[56] [84]], 3
 [60 61 62 63], 2, [[57] [85]], 3
 [88 89 90 91], 0, [[58] [86]], 3
 [88 89 90 91], 1, [[59] [87]], 3
 [64 65 66 67], 0, [[60] [88]], 3
 [64 65 66 67], 2, [[61] [89]], 3
 [92 93 94 95], 0, [[62] [90]], 3
 [92 93 94 95], 1, [[63] [91]], 3
 [68 69 70 71], 0, [[64] [92]], 3
 [68 69 70 71], 2, [[65] [93]], 3
 [96 97 98 99], 0, [[66] [94]], 3
 [96 97 98 99], 1, [[67] [95]], 3
 [72 73 74 75], 0, [[68] [96]], 3
 [72 73 74 75], 2, [[69] [97]], 3
 [100 101 102 103], 0, [[70] [98]], 3
 [100 101 102 103], 1, [[71] [99]], 3
 [76 77 78 79], 0, [[72] [100]], 3
 [76 77 78 79], 2, [[73] [101]], 3
 [104 105 106 107], 0, [[74] [102]], 3
 [104 105 106 107], 1, [[75] [103]], 3
 [80 81 82 83], 0, [[76] [104]], 3
 [80 81 82 83], 2, [[77] [105]], 3
 [108 109 110 111], 0, [[78] [106]], 3
 [108 109 110 111], 1, [[79] [107]], 3
 [84 85 86 87], 0, [[80] [108]], 3
 [84 85 86 87], 2, [[81] [109]], 3
 [112 113 114 115], 0, [[82] [110]], 3
 [112 113 114 115], 1, [[83] [111]], 3
 [88 89 90 91], 0, [[84] [112]], 3
 [88 89 90 91], 2, [[85] [113]], 3
 [116 117 118 119], 0, [[86] [114]], 3
 [116 117 118 119], 1, [[87] [115]], 3
 [92 93 94 95], 0, [[88] [116]], 3
 [92 93 94 95], 2, [[89] [117]], 3
 [120 121 122 123], 0, [[90] [118]], 3
 [120 121 122 123], 1, [[91] [119]], 3
 [96 97 98 99], 0, [[92] [120]], 3
 [96 97 98 99], 2, [[93] [121]], 3
 [124 125 126 127], 0, [[94] [122]], 3
 [124 125 126 127], 1, [[95] [123]], 3
 [100 101 102 103], 0, [[96] [124]], 3
 [100 101 102 103], 2, [[97] [125]], 3
 [128 129 130 131], 0, [[98] [126]], 3
 [128 129 130 131], 1, [[99] [127]], 3
 [104 105 106 107], 0, [[100] [128]], 3
 [104 105 106 107], 2, [[101] [129]], 3
 [132 133 134 135], 0, [[102] [130]], 3
 [132 133 134 135], 1, [[103] [131]], 3
 [108 109 110 111], 0, [[104] [132]], 3
 [108 109 110 111], 2, [[105] [133]], 3
 [136 137 138 139], 0, [[106] [134]], 3
 [136 137 138 139], 1, [[107] [135]], 3
 [112 113 114 115], 0, [[108] [136]], 3
 [112 113 114 115], 2, [[109] [137]], 3
 [140 141 142 143], 0, [[110] [138]], 3
 [140 141 142 143], 1, [[111] [139]], 3
 [116 117 118 119], 0, [[112] [140]], 3
 [116 117 118 119], 2, [[113] [141]], 3
 [144 145 146 147], 0, [[114] [142]], 3
 [144 145 146 147], 1, [[115] [143]], 3
 [120 121 122 123], 0, [[116] [144]], 3
 [120 121 122 123], 2, [[117] [145]], 3
 [148 149 150 151], 0, [[118] [146]], 3
 [148 149 150 151], 1, [[119] [147]], 3
 [124 125 126 127], 0, [[120] [148]], 3
 [124 125 126 127], 2, [[121] [149]], 3
 [152 153 154 155], 0, [[122] [150]], 3
 [152 153 154 155], 1, [[123] [151]], 3
 [128 129 130 131], 0, [[124] [152]], 3
 [128 129 130 131], 2, [[125] [153]], 3
 [156 157 158 159], 0, [[126] [154]], 3
 [156 157 158 159], 1, [[127] [155]], 3
 [132 133 134 135], 0, [[128] [156]], 3
 [132 133 134 135], 2, [[129] [157]], 3
 [160 161 162 163], 0, [[130] [158]], 3
 [160 161 162 163], 1, [[131] [159]], 3
 [136 137 138 139], 0, [[132] [160]], 3
 [136 137 138 139], 2, [[133] [161]], 3
 [164 165 166 167], 0, [[134] [162]], 3
 [164 165 166 167], 1, [[135] [163]], 3
 [140 141 142 143], 0, [[136] [164]], 3
 [140 141 142 143], 2, [[137] [165]], 3
 [168 169 170 171], 0, [[138] [166]], 3
 [168 169 170 171], 1, [[139] [167]], 3
 [144 145 146 147], 0, [[140] [168]], 3
 [144 145 146 147], 2, [[141] [169]], 3
 [172 173 174 175], 0, [[142] [170]], 3
 [172 173 174 175], 1, [[143] [171]], 3
 [148 149 150 151], 0, [[144] [172]], 3
 [148 149 150 151], 2, [[145] [173]], 3
 [176 177 178 179], 0, [[146] [174]], 3
 [176 177 178 179], 1, [[147] [175]], 3
 [152 153 154 155], 0, [[148] [176]], 3
 [152 153 154 155], 2, [[149] [177]], 3
 [180 181 182 183], 0, [[150] [178]], 3
 [180 181 182 183], 1, [[151] [179]], 3
 [156 157 158 159], 0, [[152] [180]], 3
 [156 157 158 159], 2, [[153] [181]], 3
 [184 185 186 187], 0, [[154] [182]], 3
 [184 185 186 187], 1, [[155] [183]], 3
 [160 161 162 163], 0, [[156] [184]], 3
 [160 161 162 163], 2, [[157] [185]], 3
 [188 189 190 191], 0, [[158] [186]], 3
 [188 189 190 191], 1, [[159] [187]], 3
 [164 165 166 167], 0, [[160] [188]], 3
 [164 165 166 167], 2, [[161] [189]], 3
 [192 193 194 195], 0, [[162] [190]], 3
 [192 193 194 195], 1, [[163] [191]], 3
 [168 169 170 171], 0, [[164] [192]], 3
 [168 169 170 171], 2, [[165] [193]], 3
 [196 197 198 199], 0, [[166] [194]], 3
 [196 197 198 199], 1, [[167] [195]], 3
 [172 173 174 175], 0, [[168] [196]], 3
 [172 173 174 175], 2, [[169] [197]], 3
 [200 201 202 203], 0, [[170] [198]], 3
 [200 201 202 203], 1, [[171] [199]], 3
 [176 177 178 179], 0, [[172] [200]], 3
 [176 177 178 179], 2, [[173] [201]], 3
 [204 205 206 207], 0, [[174] [202]], 3
 [204 205 206 207], 1, [[175] [203]], 3
 [180 181 182 183], 0, [[176] [204]], 3
 [180 181 182 183], 2, [[177] [205]], 3
 [208 209 210 211], 0, [[178] [206]], 3
 [208 209 210 211], 1, [[179] [207]], 3
 [184 185 186 187], 0, [[180] [208]], 3
 [184 185 186 187], 2, [[181] [209]], 3
 [212 213 214 215], 0, [[182] [210]], 3
 [212 213 214 215], 1, [[183] [211]], 3
 [188 189 190 191], 0, [[184] [212]], 3
 [188 189 190 191], 2, [[185] [213]], 3
 [216 217 218 219], 0, [[186] [214]], 3
 [216 217 218 219], 1, [[187] [215]], 3
 [192 193 194 195], 0, [[188] [216]], 3
 [192 193 194 195], 2, [[189] [217]], 3
 [220 221 222 223], 0, [[190] [218]], 3
 [220 221 222 223], 1, [[191] [219]], 3
 [196 197 198 199], 0, [[192] [220]], 3
 [196 197 198 199], 2, [[193] [221]], 3
 [224 225 226 227], 0, [[194] [222]], 3
 [224 225 226 227], 1, [[195] [223]], 3
 [200 201 202 203], 0, [[196] [224]], 3
 [200 201 202 203], 2, [[197] [225]], 3
 [228 229 230 231], 0, [[198] [226]], 3
 [228 229 230 231], 1, [[199] [227]], 3
 [204 205 206 207], 0, [[200] [228]], 3
 [204 205 206 207], 2, [[201] [229]], 3
 [232 233 234 235], 0, [[202] [230]], 3
 [232 233 234 235], 1, [[203] [231]], 3
 [208 209 210 211], 0, [[204] [232]], 3
 [208 209 210 211], 2, [[205] [233]], 3
 [236 237 238 239], 0, [[206] [234]], 3
 [236 237 238 239], 1, [[207] [235]], 3
 [212 213 214 215], 0, [[208] [236]], 3
 [212 213 214 215], 2, [[209] [237]], 3
 [240 241 242 243], 0, [[210] [238]], 3
 [240 241 242 243], 1, [[211] [239]], 3
 [216 217 218 219], 0, [[212] [240]], 3
 [216 217 218 219], 2, [[213] [241]], 3
 [244 245 246 247], 0, [[214] [242]], 3
 [244 245 246 247], 1, [[215] [243]], 3
 [220 221 222 223], 0, [[216] [244]], 3
 [220 221 222 223], 2, [[217] [245]], 3
 [248 249 250 251], 0, [[218] [246]], 3
 [248 249 250 251], 1, [[219] [247]], 3
 [224 225 226 227], 0, [[220] [248]], 3
 [224 225 226 227], 2, [[221] [249]], 3
 [252 253 254 255], 0, [[222] [250]], 3
 [252 253 254 255], 1, [[223] [251]], 3
 [228 229 230 231], 0, [[224] [252]], 3
 [228 229 230 231], 2, [[225] [253]], 3
 [256 257 258 259], 0, [[226] [254]], 3
 [256 257 258 259], 1, [[227] [255]], 3
 [232 233 234 235], 0, [[228] [256]], 3
 [232 233 234 235], 2, [[229] [257]], 3
 [260 261 262 263], 0, [[230] [258]], 3
 [260 261 262 263], 1, [[231] [259]], 3
 [236 237 238 239], 0, [[232] [260]], 3
 [236 237 238 239], 2, [[233] [261]], 3
 [264 265 266 267], 0, [[234] [262]], 3
 [264 265 266 267], 1, [[235] [263]], 3
 [240 241 242 243], 0, [[236] [264]], 3
 [240 241 242 243], 2, [[237] [265]], 3
 [268 269 270 271], 0, [[238] [266]], 3
 [268 269 270 271], 1, [[239] [267]], 3
 [244 245 246 247], 0, [[240] [268]], 3
 [244 245 246 247], 2, [[241] [269]], 3
 [272 273 274 275], 0, [[242] [270]], 3
 [272 273 274 275], 1, [[243] [271]], 3
 [248 249 250 251], 0, [[244] [272]], 3
 [248 249 250 251], 2, [[245] [273]], 3
 [276 277 278 279], 0, [[246] [274]], 3
 [276 277 278 279], 1, [[247] [275]], 3
 [252 253 254 255], 0, [[248] [276]], 3
 [252 253 254 255], 2, [[249] [277]], 3
 [280 281 282 283], 0, [[250] [278]], 3
 [280 281 282 283], 1, [[251] [279]], 3
 [256 257 258 259], 0, [[252] [280]], 3
 [256 257 258 259], 2, [[253] [281]], 3
 [284 285 286 287], 0, [[254] [282]], 3
 [284 285 286 287], 1, [[255] [283]], 3
 [260 261 262 263], 0, [[256] [284]], 3
 [260 261 262 263], 2, [[257] [285]], 3
 [288 289 290 291], 0, [[258] [286]], 3
 [288 289 290 291], 1, [[259] [287]], 3
 [264 265 266 267], 0, [[260] [288]], 3
 [264 265 266 267], 2, [[261] [289]], 3
 [292 293 294 295], 0, [[262] [290]], 3
 [292 293 294 295], 1, [[263] [291]], 3
 [268 269 270 271], 0, [[264] [292]], 3
 [268 269 270 271], 2, [[265] [293]], 3
 [296 297 298 299], 0, [[266] [294]], 3
 [296 297 298 299], 1, [[267] [295]], 3
 [272 273 274 275], 0, [[268] [296]], 3
 [272 273 274 275], 2, [[269] [297]], 3
 [300 301 302 303], 0, [[270] [298]], 3
 [300 301 302 303], 1, [[271] [299]], 3
 [276 277 278 279], 0, [[272] [300]], 3
 [276 277 278 279], 2, [[273] [301]], 3
 [304 305 306 307], 0, [[274] [302]], 3
 [304 305 306 307], 1, [[275] [303]], 3
 [280 281 282 283], 0, [[276] [304]], 3
 [280 281 282 283], 2, [[277] [305]], 3
 [308 309 310 311], 0, [[278] [306]], 3
 [308 309 310 311], 1, [[279] [307]], 3
 [284 285 286 287], 0, [[280] [308]], 3
 [284 285 286 287], 2, [[281] [309]], 3
 [312 313 314 315], 0, [[282] [310]], 3
 [312 313 314 315], 1, [[283] [311]], 3
 [288 289 290 291], 0, [[284] [312]], 3
 [288 289 290 291], 2, [[285] [313]], 3
 [316 317 318 319], 0, [[286] [314]], 3
 [316 317 318 319], 1, [[287] [315]], 3
 [292 293 294 295], 0, [[288] [316]], 3
 [292 293 294 295], 2, [[289] [317]], 3
 [320 321 322 323], 0, [[290] [318]], 3
 [320 321 322 323], 1, [[291] [319]], 3
 [296 297 298 299], 0, [[292] [320]], 3
 [296 297 298 299], 2, [[293] [321]], 3
 [324 325 326 327], 0, [[294] [322]], 3
 [324 325 326 327], 1, [[295] [323]], 3
 [300 301 302 303], 0, [[296] [324]], 3
 [300 301 302 303], 2, [[297] [325]], 3
 [328 329 330 331], 0, [[298] [326]], 3
 [328 329 330 331], 1, [[299] [327]], 3
 [304 305 306 307], 0, [[300] [328]], 3
 [304 305 306 307], 2, [[301] [329]], 3
 [332 333 334 335], 0, [[302] [330]], 3
 [332 333 334 335], 1, [[303] [331]], 3
 [308 309 310 311], 0, [[304] [332]], 3
 [308 309 310 311], 2, [[305] [333]], 3
 [336 337 338 339], 0, [[306] [334]], 3
 [336 337 338 339], 1, [[307] [335]], 3
 [312 313 314 315], 0, [[308] [336]], 3
 [312 313 314 315], 2, [[309] [337]], 3
 [340 341 342 343], 0, [[310] [338]], 3
 [340 341 342 343], 1, [[311] [339]], 3
 [316 317 318 319], 0, [[312] [340]], 3
 [316 317 318 319], 2, [[313] [341]], 3
 [344 345 346 347], 0, [[314] [342]], 3
 [344 345 346 347], 1, [[315] [343]], 3
 [320 321 322 323], 0, [[316] [344]], 3
 [320 321 322 323], 2, [[317] [345]], 3
 [348 349 350 351], 0, [[318] [346]], 3
 [348 349 350 351], 1, [[319] [347]], 3
 [324 325 326 327], 0, [[320] [348]], 3
 [324 325 326 327], 2, [[321] [349]], 3
 [352 353 354 355], 0, [[322] [350]], 3
 [352 353 354 355], 1, [[323] [351]], 3
 [328 329 330 331], 0, [[324] [352]], 3
 [328 329 330 331], 2, [[325] [353]], 3
 [356 357 358 359], 0, [[326] [354]], 3
 [356 357 358 359], 1, [[327] [355]], 3
 [332 333 334 335], 0, [[328] [356]], 3
 [332 333 334 335], 2, [[329] [357]], 3
 [360 361 362 363], 0, [[330] [358]], 3
 [360 361 362 363], 1, [[331] [359]], 3
 [336 337 338 339], 0, [[332] [360]], 3
 [336 337 338 339], 2, [[333] [361]], 3
 [364 365 366 367], 0, [[334] [362]], 3
 [364 365 366 367], 1, [[335] [363]], 3
 [340 341 342 343], 0, [[336] [364]], 3
 [340 341 342 343], 2, [[337] [365]], 3
 [368 369 370 371], 0, [[338] [366]], 3
 [368 369 370 371], 1, [[339] [367]], 3
 [344 345 346 347], 0, [[340] [368]], 3
 [344 345 346 347], 2, [[341] [369]], 3
 [372 373 374 375], 0, [[342] [370]], 3
 [372 373 374 375], 1, [[343] [371]], 3
 [348 349 350 351], 0, [[344] [372]], 3
 [348 349 350 351], 2, [[345] [373]], 3
 [376 377 378 379], 0, [[346] [374]], 3
 [376 377 378 379], 1, [[347] [375]], 3
 [352 353 354 355], 0, [[348] [376]], 3
 [352 353 354 355], 2, [[349] [377]], 3
 [380 381 382 383], 0, [[350] [378]], 3
 [380 381 382 383], 1, [[351] [379]], 3
 [356 357 358 359], 0, [[352] [380]], 3
 [356 357 358 359], 2, [[353] [381]], 3
 [384 385 386 387], 0, [[354] [382]], 3
 [384 385 386 387], 1, [[355] [383]], 3
 [360 361 362 363], 0, [[356] [384]], 3
 [360 361 362 363], 2, [[357] [385]], 3
 [388 389 390 391], 0, [[358] [386]], 3
 [388 389 390 391], 1, [[359] [387]], 3
 [364 365 366 367], 0, [[360] [388]], 3
 [364 365 366 367], 2, [[361] [389]], 3
 [392 393 394 395], 0, [[362] [390]], 3
 [392 393 394 395], 1, [[363] [391]], 3
 [368 369 370 371], 0, [[364] [392]], 3
 [368 369 370 371], 2, [[365] [393]], 3
 [396 397 398 399], 0, [[366] [394]], 3
 [396 397 398 399], 1, [[367] [395]], 3
 [372 373 374 375], 0, [[368] [396]], 3
 [372 373 374 375], 2, [[369] [397]], 3
 [400 401 402 403], 0, [[370] [398]], 3
 [400 401 402 403], 1, [[371] [399]], 3
 [376 377 378 379], 0, [[372] [400]], 3
 [376 377 378 379], 2, [[373] [401]], 3
 [404 405 406 407], 0, [[374] [402]], 3
 [404 405 406 407], 1, [[375] [403]], 3
 [380 381 382 383], 0, [[376] [404]], 3
 [380 381 382 383], 2, [[377] [405]], 3
 [408 409 410 411], 0, [[378] [406]], 3
 [408 409 410 411], 1, [[379] [407]], 3
 [384 385 386 387], 0, [[380] [408]], 3
 [384 385 386 387], 2, [[381] [409]], 3
 [412 413 414 415], 0, [[382] [410]], 3
 [412 413 414 415], 1, [[383] [411]], 3
 [388 389 390 391], 0, [[384] [412]], 3
 [388 389 390 391], 2, [[385] [413]], 3
 [416 417 418 419], 0, [[386] [414]], 3
 [416 417 418 419], 1, [[387] [415]], 3
 [392 393 394 395], 0, [[388] [416]], 3
 [392 393 394 395], 2, [[389] [417]], 3
 [420 421 422 423], 0, [[390] [418]], 3
 [420 421 422 423], 1, [[391] [419]], 3
 [396 397 398 399], 0, [[392] [420]], 3
 [396 397 398 399], 2, [[393] [421]], 3
 [424 425 426 427], 0, [[394] [422]], 3
 [424 425 426 427], 1, [[395] [423]], 3
 [400 401 402 403], 0, [[396] [424]], 3
 [400 401 402 403], 2, [[397] [425]], 3
 [428 429 430 431], 0, [[398] [426]], 3
 [428 429 430 431], 1, [[399] [427]], 3
 [404 405 406 407], 0, [[400] [428]], 3
 [404 405 406 407], 2, [[401] [429]], 3
 [432 433 434 435], 0, [[402] [430]], 3
 [432 433 434 435], 1, [[403] [431]], 3
 [408 409 410 411], 0, [[404] [432]], 3
 [408 409 410 411], 2, [[405] [433]], 3
 [436 437 438 439], 0, [[406] [434]], 3
 [436 437 438 439], 1, [[407] [435]], 3
 [412 413 414 415], 0, [[408] [436]], 3
 [412 413 414 415], 2, [[409] [437]], 3
 [440 441 442 443], 0, [[410] [438]], 3
 [440 441 442 443], 1, [[411] [439]], 3
 [416 417 418 419], 0, [[412] [440]], 3
 [416 417 418 419], 2, [[413] [441]], 3
 [444 445 446 447], 0, [[414] [442]], 3
 [444 445 446 447], 1, [[415] [443]], 3
 [420 421 422 423], 0, [[416] [444]], 3
 [420 421 422 423], 2, [[417] [445]], 3
 [448 449 450 451], 0, [[418] [446]], 3
 [448 449 450 451], 1, [[419] [447]], 3
 [424 425 426 427], 0, [[420] [448]], 3
 [424 425 426 427], 2, [[421] [449]], 3
 [452 453 454 455], 0, [[422] [450]], 3
 [452 453 454 455], 1, [[423] [451]], 3
 [428 429 430 431], 0, [[424] [452]], 3
 [428 429 430 431], 2, [[425] [453]], 3
 [456 457 458 459], 0, [[426] [454]], 3
 [456 457 458 459], 1, [[427] [455]], 3
 [432 433 434 435], 0, [[428] [456]], 3
 [432 433 434 435], 2, [[429] [457]], 3
 [460 461 462 463], 0, [[430] [458]], 3
 [460 461 462 463], 1, [[431] [459]], 3
 [436 437 438 439], 0, [[432] [460]], 3
 [436 437 438 439], 2, [[433] [461]], 3
 [464 465 466 467], 0, [[434] [462]], 3
 [464 465 466 467], 1, [[435] [463]], 3
 [440 441 442 443], 0, [[436] [464]], 3
 [440 441 442 443], 2, [[437] [465]], 3
 [468 469 470 471], 0, [[438] [466]], 3
 [468 469 470 471], 1, [[439] [467]], 3
 [444 445 446 447], 0, [[440] [468]], 3
 [444 445 446 447], 2, [[441] [469]], 3
 [472 473 474 475], 0, [[442] [470]], 3
 [472 473 474 475], 1, [[443] [471]], 3
 [448 449 450 451], 0, [[444] [472]], 3
 [448 449 450 451], 2, [[445] [473]], 3
 [476 477 478 479], 0, [[446] [474]], 3
 [476 477 478 479], 1, [[447] [475]], 3
 [452 453 454 455], 0, [[448] [476]], 3
 [452 453 454 455], 2, [[449] [477]], 3
 [480 481 482 483], 0, [[450] [478]], 3
 [480 481 482 483], 1, [[451] [479]], 3
 [456 457 458 459], 0, [[452] [480]], 3
 [456 457 458 459], 2, [[453] [481]], 3
 [484 485 486 487], 0, [[454] [482]], 3
 [484 485 486 487], 1, [[455] [483]], 3
 [460 461 462 463], 0, [[456] [484]], 3
 [460 461 462 463], 2, [[457] [485]], 3
 [488 489 490 491], 0, [[458] [486]], 3
 [488 489 490 491], 1, [[459] [487]], 3
 [464 465 466 467], 0, [[460] [488]], 3
 [464 465 466 467], 2, [[461] [489]], 3
 [492 493 494 495], 0, [[462] [490]], 3
 [492 493 494 495], 1, [[463] [491]], 3
 [468 469 470 471], 0, [[464] [492]], 3
 [468 469 470 471], 2, [[465] [493]], 3
 [496 497 498 499], 0, [[466] [494]], 3
 [496 497 498 499], 1, [[467] [495]], 3
 [472 473 474 475], 0, [[468] [496]], 3
 [472 473 474 475], 2, [[469] [497]], 3
 [500 501 502 503], 0, [[470] [498]], 3
 [500 501 502 503], 1, [[471] [499]], 3
 [476 477 478 479], 0, [[472] [500]], 3
 [476 477 478 479], 2, [[473] [501]], 3
 [504 505 506 507], 0, [[474] [502]], 3
 [504 505 506 507], 1, [[475] [503]], 3
 [480 481 482 483], 0, [[476] [504]], 3
 [480 481 482 483], 2, [[477] [505]], 3
 [508 509 510 511], 0, [[478] [506]], 3
 [508 509 510 511], 1, [[479] [507]], 3
 [484 485 486 487], 0, [[480] [508]], 3
 [484 485 486 487], 2, [[481] [509]], 3
 [512 513 514 515], 0, [[482] [510]], 3
 [512 513 514 515], 1, [[483] [511]], 3
 [488 489 490 491], 0, [[484] [512]], 3
 [488 489 490 491], 2, [[485] [513]], 3
 [516 517 518 519], 0, [[486] [514]], 3
 [516 517 518 519], 1, [[487] [515]], 3
 [492 493 494 495], 0, [[488] [516]], 3
 [492 493 494 495], 2, [[489] [517]], 3
 [520 521 522 523], 0, [[490] [518]], 3
 [520 521 522 523], 1, [[491] [519]], 3
 [496 497 498 499], 0, [[492] [520]], 3
 [496 497 498 499], 2, [[493] [521]], 3
 [524 525 526 527], 0, [[494] [522]], 3
 [524 525 526 527], 1, [[495] [523]], 3
 [500 501 502 503], 0, [[496] [524]], 3
 [500 501 502 503], 2, [[497] [525]], 3
 [528 529 530 531], 0, [[498] [526]], 3
 [528 529 530 531], 1, [[499] [527]], 3
 [504 505 506 507], 0, [[500] [528]], 3
 [504 505 506 507], 2, [[501] [529]], 3
 [532 533 534 535], 0, [[502] [530]], 3
 [532 533 534 535], 1, [[503] [531]], 3
 [508 509 510 511], 0, [[504] [532]], 3
 [508 509 510 511], 2, [[505] [533]], 3
 [536 537 538 539], 0, [[506] [534]], 3
 [536 537 538 539], 1, [[507] [535]], 3
 [512 513 514 515], 0, [[508] [536]], 3
 [512 513 514 515], 2, [[509] [537]], 3
 [540 541 542 543], 0, [[510] [538]], 3
 [540 541 542 543], 1, [[511] [539]], 3
 [516 517 518 519], 0, [[512] [540]], 3
 [516 517 518 519], 2, [[513] [541]], 3
 [544 545 546 547], 0, [[514] [542]], 3
 [544 545 546 547], 1, [[515] [543]], 3
 [520 521 522 523], 0, [[516] [544]], 3
 [520 521 522 523], 2, [[517] [545]], 3
 [548 549 550 551], 0, [[518] [546]], 3
 [548 549 550 551], 1, [[519] [547]], 3
 [524 525 526 527], 0, [[520] [548]], 3
 [524 525 526 527], 2, [[521] [549]], 3
 [552 553 554 555], 0, [[522] [550]], 3
 [552 553 554 555], 1, [[523] [551]], 3
 [528 529 530 531], 0, [[524] [552]], 3
 [528 529 530 531], 2, [[525] [553]], 3
 [556 557 558 559], 0, [[526] [554]], 3
 [556 557 558 559], 1, [[527] [555]], 3
 [532 533 534 535], 0, [[528] [556]], 3
 [532 533 534 535], 2, [[529] [557]], 3
 [560 561 562 563], 0, [[530] [558]], 3
 [560 561 562 563], 1, [[531] [559]], 3
 [536 537 538 539], 0, [[532] [560]], 3
 [536 537 538 539], 2, [[533] [561]], 3
 [564 565 566 567], 0, [[534] [562]], 3
 [564 565 566 567], 1, [[535] [563]], 3
 [540 541 542 543], 0, [[536] [564]], 3
 [540 541 542 543], 2, [[537] [565]], 3
 [568 569 570 571], 0, [[538] [566]], 3
 [568 569 570 571], 1, [[539] [567]], 3
 [544 545 546 547], 0, [[540] [568]], 3
 [544 545 546 547], 2, [[541] [569]], 3
 [572 573 574 575], 0, [[542] [570]], 3
 [572 573 574 575], 1, [[543] [571]], 3
 [548 549 550 551], 0, [[544] [572]], 3
 [548 549 550 551], 2, [[545] [573]], 3
 [576 577 578 579], 0, [[546] [574]], 3
 [576 577 578 579], 1, [[547] [575]], 3
 [552 553 554 555], 0, [[548] [576]], 3
 [552 553 554 555], 2, [[549] [577]], 3
 [580 581 582 583], 0, [[550] [578]], 3
 [580 581 582 583], 1, [[551] [579]], 3
 [556 557 558 559], 0, [[552] [580]], 3
 [556 557 558 559], 2, [[553] [581]], 3
 [584 585 586 587], 0, [[554] [582]], 3
 [584 585 586 587], 1, [[555] [583]], 3
 [560 561 562 563], 0, [[556] [584]], 3
 [560 561 562 563], 2, [[557] [585]], 3
 [588 589 590 591], 0, [[558] [586]], 3
 [588 589 590 591], 1, [[559] [587]], 3
 [564 565 566 567], 0, [[560] [588]], 3
 [564 565 566 567], 2, [[561] [589]], 3
 [592 593 594 595], 0, [[562] [590]], 3
 [592 593 594 595], 1, [[563] [591]], 3
 [568 569 570 571], 0, [[564] [592]], 3
 [568 569 570 571], 2, [[565] [593]], 3
 [596 597 598 599], 0, [[566] [594]], 3
 [596 597 598 599], 1, [[567] [595]], 3
 [572 573 574 575], 0, [[568] [596]], 3
 [572 573 574 575], 2, [[569] [597]], 3
 [600 601 602 603], 0, [[570] [598]], 3
 [600 601 602 603], 1, [[571] [599]], 3
 [576 577 578 579], 0, [[572] [600]], 3
 [576 577 578 579], 2, [[573] [601]], 3
 [604 605 606 607], 0, [[574] [602]], 3
 [604 605 606 607], 1, [[575] [603]], 3
 [580 581 582 583], 0, [[576] [604]], 3
 [580 581 582 583], 2, [[577] [605]], 3
 [608 609 610 611], 0, [[578] [606]], 3
 [608 609 610 611], 1, [[579] [607]], 3
 [584 585 586 587], 0, [[580] [608]], 3
 [584 585 586 587], 2, [[581] [609]], 3
 [612 613 614 615], 0, [[582] [610]], 3
 [612 613 614 615], 1, [[583] [611]], 3
 [588 589 590 591], 0, [[584] [612]], 3
 [588 589 590 591], 2, [[585] [613]], 3
 [616 617 618 619], 0, [[586] [614]], 3
 [616 617 618 619], 1, [[587] [615]], 3
 [592 593 594 595], 0, [[588] [616]], 3
 [592 593 594 595], 2, [[589] [617]], 3
 [620 621 622 623], 0, [[590] [618]], 3
 [620 621 622 623], 1, [[591] [619]], 3
 [596 597 598 599], 0, [[592] [620]], 3
 [596 597 598 599], 2, [[593] [621]], 3
 [624 625 626 627], 0, [[594] [622]], 3
 [624 625 626 627], 1, [[595] [623]], 3
 [600 601 602 603], 0, [[596] [624]], 3
 [600 601 602 603], 2, [[597] [625]], 3
 [628 629 630 631], 0, [[598] [626]], 3
 [628 629 630 631], 1, [[599] [627]], 3
 [604 605 606 607], 0, [[600] [628]], 3
 [604 605 606 607], 2, [[601] [629]], 3
 [632 633 634 635], 0, [[602] [630]], 3
 [632 633 634 635], 1, [[603] [631]], 3
 [608 609 610 611], 0, [[604] [632]], 3
 [608 609 610 611], 2, [[605] [633]], 3
 [636 637 638 639], 0, [[606] [634]], 3
 [636 637 638 639], 1, [[607] [635]], 3
 [612 613 614 615], 0, [[608] [636]], 3
 [612 613 614 615], 2, [[609] [637]], 3
 [640 641 642 643], 0, [[610] [638]], 3
 [640 641 642 643], 1, [[611] [639]], 3
 [616 617 618 619], 0, [[612] [640]], 3
 [616 617 618 619], 2, [[613] [641]], 3
 [644 645 646 647], 0, [[614] [642]], 3
 [644 645 646 647], 1, [[615] [643]], 3
 [620 621 622 623], 0, [[616] [644]], 3
 [620 621 622 623], 2, [[617] [645]], 3
 [648 649 650 651], 0, [[618] [646]], 3
 [648 649 650 651], 1, [[619] [647]], 3
 [624 625 626 627], 0, [[620] [648]], 3
 [624 625 626 627], 2, [[621] [649]], 3
 [652 653 654 655], 0, [[622] [650]], 3
 [652 653 654 655], 1, [[623] [651]], 3
 [628 629 630 631], 0, [[624] [652]], 3
 [628 629 630 631], 2, [[625] [653]], 3
 [656 657 658 659], 0, [[626] [654]], 3
 [656 657 658 659], 1, [[627] [655]], 3
 [632 633 634 635], 0, [[628] [656]], 3
 [632 633 634 635], 2, [[629] [657]], 3
 [660 661 662 663], 0, [[630] [658]], 3
 [660 661 662 663], 1, [[631] [659]], 3
 [636 637 638 639], 0, [[632] [660]], 3
 [636 637 638 639], 2, [[633] [661]], 3
 [664 665 666 667], 0, [[634] [662]], 3
 [664 665 666 667], 1, [[635] [663]], 3
 [640 641 642 643], 0, [[636] [664]], 3
 [640 641 642 643], 2, [[637] [665]], 3
 [668 669 670 671], 0, [[638] [666]], 3
 [668 669 670 671], 1, [[639] [667]], 3
 [644 645 646 647], 0, [[640] [668]], 3
 [644 645 646 647], 2, [[641] [669]], 3
 [672 673 674 675], 0, [[642] [670]], 3
 [672 673 674 675], 1, [[643] [671]], 3
 [648 649 650 651], 0, [[644] [672]], 3
 [648 649 650 651], 2, [[645] [673]], 3
 [676 677 678 679], 0, [[646] [674]], 3
 [676 677 678 679], 1, [[647] [675]], 3
 [652 653 654 655], 0, [[648] [676]], 3
 [652 653 654 655], 2, [[649] [677]], 3
 [680 681 682 683], 0, [[650] [678]], 3
 [680 681 682 683], 1, [[651] [679]], 3
 [656 657 658 659], 0, [[652] [680]], 3
 [656 657 658 659], 2, [[653] [681]], 3
 [684 685 686 687], 0, [[654] [682]], 3
 [684 685 686 687], 1, [[655] [683]], 3
 [660 661 662 663], 0, [[656] [684]], 3
 [660 661 662 663], 2, [[657] [685]], 3
 [688 689 690 691], 0, [[658] [686]], 3
 [688 689 690 691], 1, [[659] [687]], 3
 [664 665 666 667], 0, [[660] [688]], 3
 [664 665 666 667], 2, [[661] [689]], 3
 [692 693 694 695], 0, [[662] [690]], 3
 [692 693 694 695], 1, [[663] [691]], 3
 [668 669 670 671], 0, [[664] [692]], 3
 [668 669 670 671], 2, [[665] [693]], 3
 [696 697 698 699], 0, [[666] [694]], 3
 [696 697 698 699], 1, [[667] [695]], 3
 [672 673 674 675], 0, [[668] [696]], 3
 [672 673 674 675], 2, [[669] [697]], 3
 [700 701 702 703], 0, [[670] [698]], 3
 [700 701 702 703], 1, [[671] [699]], 3
 [676 677 678 679], 0, [[672] [700]], 3
 [676 677 678 679], 2, [[673] [701]], 3
 [704 705 706 707], 0, [[674] [702]], 3
 [704 705 706 707], 1, [[675] [703]], 3
 [680 681 682 683], 0, [[676] [704]], 3
 [680 681 682 683], 2, [[677] [705]], 3
 [708 709 710 711], 0, [[678] [706]], 3
 [708 709 710 711], 1, [[679] [707]], 3
 [684 685 686 687], 0, [[680] [708]], 3
 [684 685 686 687], 2, [[681] [709]], 3
 [712 713 714 715], 0, [[682] [710]], 3
 [712 713 714 715], 1, [[683] [711]], 3
 [688 689 690 691], 0, [[684] [712]], 3
 [688 689 690 691], 2, [[685] [713]], 3
 [716 717 718 719], 0, [[686] [714]], 3
 [716 717 718 719], 1, [[687] [715]], 3
 [692 693 694 695], 0, [[688] [716]], 3
 [692 693 694 695], 2, [[689] [717]], 3
 [720 721 722 723], 0, [[690] [718]], 3
 [720 721 722 723], 1, [[691] [719]], 3
 [696 697 698 699], 0, [[692] [720]], 3
 [696 697 698 699], 2, [[693] [721]], 3
 [724 725 726 727], 0, [[694] [722]], 3
 [724 725 726 727], 1, [[695] [723]], 3
 [700 701 702 703], 0, [[696] [724]], 3
 [700 701 702 703], 2, [[697] [725]], 3
 [728 729 730 731], 0, [[698] [726]], 3
 [728 729 730 731], 1, [[699] [727]], 3
 [704 705 706 707], 0, [[700] [728]], 3
 [704 705 706 707], 2, [[701] [729]], 3
 [732 733 734 735], 0, [[702] [730]], 3
 [732 733 734 735], 1, [[703] [731]], 3
 [708 709 710 711], 0, [[704] [732]], 3
 [708 709 710 711], 2, [[705] [733]], 3
 [736 737 738 739], 0, [[706] [734]], 3
 [736 737 738 739], 1, [[707] [735]], 3
 [712 713 714 715], 0, [[708] [736]], 3
 [712 713 714 715], 2, [[709] [737]], 3
 [740 741 742 743], 0, [[710] [738]], 3
 [740 741 742 743], 1, [[711] [739]], 3
 [716 717 718 719], 0, [[712] [740]], 3
 [716 717 718 719], 2, [[713] [741]], 3
 [744 745 746 747], 0, [[714] [742]], 3
 [744 745 746 747], 1, [[715] [743]], 3
 [720 721 722 723], 0, [[716] [744]], 3
 [720 721 722 723], 2, [[717] [745]], 3
 [748 749 750 751], 0, [[718] [746]], 3
 [748 749 750 751], 1, [[719] [747]], 3
 [724 725 726 727], 0, [[720] [748]], 3
 [724 725 726 727], 2, [[721] [749]], 3
 [752 753 754 755], 0, [[722] [750]], 3
 [752 753 754 755], 0, [[723] [751]], 3
 [752 753 754 755], 0, [[724] [752]], 3
 [752 753 754 755], 0, [[725] [753]], 3
 [752 753 754 755], 0, [[726] [754]], 3
 [752 753 754 755], 0, [[727] [755]], 3
