data_in, valid_in, data_out, valid_out
[0 0], 1, [0 0], 0
[1 0], 1, [0 0], 0
[2 0], 1, [0 0], 0
[3 0], 1, [0 0], 0
[4 0], 1, [0 0], 0
[5 0], 1, [0 0], 0
[6 0], 1, [0 0], 0
[7 0], 1, [0 0], 0
[8 0], 1, [0 0], 0
[9 0], 1, [0 0], 0
[10 0], 1, [0 0], 0
[11 0], 1, [0 0], 0
[12 0], 1, [0 0], 0
[13 0], 1, [0 0], 0
[14 0], 1, [0 0], 0
[15 0], 1, [0 0], 0
[16 0], 1, [0 0], 0
[17 0], 1, [0 0], 0
[18 0], 1, [0 0], 0
[19 0], 1, [0 0], 0
[20 0], 1, [0 0], 0
[21 0], 1, [0 0], 0
[22 0], 1, [0 0], 0
[23 0], 1, [0 0], 0
[24 0], 1, [0 0], 0
[25 0], 1, [0 0], 0
[26 0], 1, [0 0], 0
[27 0], 1, [0 0], 0
[28 0], 1, [0 0], 0
[29 0], 1, [0 0], 0
[30 0], 1, [0 0], 0
[31 0], 1, [0 0], 0
[32 0], 1, [0 0], 0
[33 0], 1, [0 0], 0
[34 0], 1, [0 0], 0
[35 0], 1, [0 0], 0
[36 0], 1, [0 0], 0
[37 0], 1, [0 0], 0
[38 0], 1, [0 0], 0
[39 0], 1, [0 0], 0
[40 0], 1, [0 0], 0
[41 0], 1, [0 0], 0
[42 0], 1, [0 0], 0
[43 0], 1, [0 0], 0
[44 0], 1, [0 0], 0
[45 0], 1, [0 0], 0
[46 0], 1, [0 0], 0
[47 0], 1, [0 0], 0
[48 0], 1, [0 0], 0
[49 0], 1, [0 0], 0
[50 0], 1, [0 0], 0
[51 0], 1, [0 0], 0
[52 0], 1, [0 0], 0
[53 0], 1, [0 0], 0
[54 0], 1, [0 0], 0
[55 0], 1, [0 0], 0
[56 0], 1, [0 28], 1
[57 0], 1, [1 29], 1
[58 0], 1, [2 30], 1
[59 0], 1, [3 31], 1
[60 0], 1, [4 32], 1
[61 0], 1, [5 33], 1
[62 0], 1, [6 34], 1
[63 0], 1, [7 35], 1
[64 0], 1, [8 36], 1
[65 0], 1, [9 37], 1
[66 0], 1, [10 38], 1
[67 0], 1, [11 39], 1
[68 0], 1, [12 40], 1
[69 0], 1, [13 41], 1
[70 0], 1, [14 42], 1
[71 0], 1, [15 43], 1
[72 0], 1, [16 44], 1
[73 0], 1, [17 45], 1
[74 0], 1, [18 46], 1
[75 0], 1, [19 47], 1
[76 0], 1, [20 48], 1
[77 0], 1, [21 49], 1
[78 0], 1, [22 50], 1
[79 0], 1, [23 51], 1
[80 0], 1, [24 52], 1
[81 0], 1, [25 53], 1
[82 0], 1, [26 54], 1
[83 0], 1, [27 55], 1
[84 0], 1, [28 56], 1
[85 0], 1, [29 57], 1
[86 0], 1, [30 58], 1
[87 0], 1, [31 59], 1
[88 0], 1, [32 60], 1
[89 0], 1, [33 61], 1
[90 0], 1, [34 62], 1
[91 0], 1, [35 63], 1
[92 0], 1, [36 64], 1
[93 0], 1, [37 65], 1
[94 0], 1, [38 66], 1
[95 0], 1, [39 67], 1
[96 0], 1, [40 68], 1
[97 0], 1, [41 69], 1
[98 0], 1, [42 70], 1
[99 0], 1, [43 71], 1
[100 0], 1, [44 72], 1
[101 0], 1, [45 73], 1
[102 0], 1, [46 74], 1
[103 0], 1, [47 75], 1
[104 0], 1, [48 76], 1
[105 0], 1, [49 77], 1
[106 0], 1, [50 78], 1
[107 0], 1, [51 79], 1
[108 0], 1, [52 80], 1
[109 0], 1, [53 81], 1
[110 0], 1, [54 82], 1
[111 0], 1, [55 83], 1
[112 0], 1, [56 84], 1
[113 0], 1, [57 85], 1
[114 0], 1, [58 86], 1
[115 0], 1, [59 87], 1
[116 0], 1, [60 88], 1
[117 0], 1, [61 89], 1
[118 0], 1, [62 90], 1
[119 0], 1, [63 91], 1
[120 0], 1, [64 92], 1
[121 0], 1, [65 93], 1
[122 0], 1, [66 94], 1
[123 0], 1, [67 95], 1
[124 0], 1, [68 96], 1
[125 0], 1, [69 97], 1
[126 0], 1, [70 98], 1
[127 0], 1, [71 99], 1
[128 0], 1, [72 100], 1
[129 0], 1, [73 101], 1
[130 0], 1, [74 102], 1
[131 0], 1, [75 103], 1
[132 0], 1, [76 104], 1
[133 0], 1, [77 105], 1
[134 0], 1, [78 106], 1
[135 0], 1, [79 107], 1
[136 0], 1, [80 108], 1
[137 0], 1, [81 109], 1
[138 0], 1, [82 110], 1
[139 0], 1, [83 111], 1
[140 0], 1, [84 112], 1
[141 0], 1, [85 113], 1
[142 0], 1, [86 114], 1
[143 0], 1, [87 115], 1
[144 0], 1, [88 116], 1
[145 0], 1, [89 117], 1
[146 0], 1, [90 118], 1
[147 0], 1, [91 119], 1
[148 0], 1, [92 120], 1
[149 0], 1, [93 121], 1
[150 0], 1, [94 122], 1
[151 0], 1, [95 123], 1
[152 0], 1, [96 124], 1
[153 0], 1, [97 125], 1
[154 0], 1, [98 126], 1
[155 0], 1, [99 127], 1
[156 0], 1, [100 128], 1
[157 0], 1, [101 129], 1
[158 0], 1, [102 130], 1
[159 0], 1, [103 131], 1
[160 0], 1, [104 132], 1
[161 0], 1, [105 133], 1
[162 0], 1, [106 134], 1
[163 0], 1, [107 135], 1
[164 0], 1, [108 136], 1
[165 0], 1, [109 137], 1
[166 0], 1, [110 138], 1
[167 0], 1, [111 139], 1
[168 0], 1, [112 140], 1
[169 0], 1, [113 141], 1
[170 0], 1, [114 142], 1
[171 0], 1, [115 143], 1
[172 0], 1, [116 144], 1
[173 0], 1, [117 145], 1
[174 0], 1, [118 146], 1
[175 0], 1, [119 147], 1
[176 0], 1, [120 148], 1
[177 0], 1, [121 149], 1
[178 0], 1, [122 150], 1
[179 0], 1, [123 151], 1
[180 0], 1, [124 152], 1
[181 0], 1, [125 153], 1
[182 0], 1, [126 154], 1
[183 0], 1, [127 155], 1
[184 0], 1, [128 156], 1
[185 0], 1, [129 157], 1
[186 0], 1, [130 158], 1
[187 0], 1, [131 159], 1
[188 0], 1, [132 160], 1
[189 0], 1, [133 161], 1
[190 0], 1, [134 162], 1
[191 0], 1, [135 163], 1
[192 0], 1, [136 164], 1
[193 0], 1, [137 165], 1
[194 0], 1, [138 166], 1
[195 0], 1, [139 167], 1
[196 0], 1, [140 168], 1
[197 0], 1, [141 169], 1
[198 0], 1, [142 170], 1
[199 0], 1, [143 171], 1
[200 0], 1, [144 172], 1
[201 0], 1, [145 173], 1
[202 0], 1, [146 174], 1
[203 0], 1, [147 175], 1
[204 0], 1, [148 176], 1
[205 0], 1, [149 177], 1
[206 0], 1, [150 178], 1
[207 0], 1, [151 179], 1
[208 0], 1, [152 180], 1
[209 0], 1, [153 181], 1
[210 0], 1, [154 182], 1
[211 0], 1, [155 183], 1
[212 0], 1, [156 184], 1
[213 0], 1, [157 185], 1
[214 0], 1, [158 186], 1
[215 0], 1, [159 187], 1
[216 0], 1, [160 188], 1
[217 0], 1, [161 189], 1
[218 0], 1, [162 190], 1
[219 0], 1, [163 191], 1
[220 0], 1, [164 192], 1
[221 0], 1, [165 193], 1
[222 0], 1, [166 194], 1
[223 0], 1, [167 195], 1
[224 0], 1, [168 196], 1
[225 0], 1, [169 197], 1
[226 0], 1, [170 198], 1
[227 0], 1, [171 199], 1
[228 0], 1, [172 200], 1
[229 0], 1, [173 201], 1
[230 0], 1, [174 202], 1
[231 0], 1, [175 203], 1
[232 0], 1, [176 204], 1
[233 0], 1, [177 205], 1
[234 0], 1, [178 206], 1
[235 0], 1, [179 207], 1
[236 0], 1, [180 208], 1
[237 0], 1, [181 209], 1
[238 0], 1, [182 210], 1
[239 0], 1, [183 211], 1
[240 0], 1, [184 212], 1
[241 0], 1, [185 213], 1
[242 0], 1, [186 214], 1
[243 0], 1, [187 215], 1
[244 0], 1, [188 216], 1
[245 0], 1, [189 217], 1
[246 0], 1, [190 218], 1
[247 0], 1, [191 219], 1
[248 0], 1, [192 220], 1
[249 0], 1, [193 221], 1
[250 0], 1, [194 222], 1
[251 0], 1, [195 223], 1
[252 0], 1, [196 224], 1
[253 0], 1, [197 225], 1
[254 0], 1, [198 226], 1
[255 0], 1, [199 227], 1
[256 0], 1, [200 228], 1
[257 0], 1, [201 229], 1
[258 0], 1, [202 230], 1
[259 0], 1, [203 231], 1
[260 0], 1, [204 232], 1
[261 0], 1, [205 233], 1
[262 0], 1, [206 234], 1
[263 0], 1, [207 235], 1
[264 0], 1, [208 236], 1
[265 0], 1, [209 237], 1
[266 0], 1, [210 238], 1
[267 0], 1, [211 239], 1
[268 0], 1, [212 240], 1
[269 0], 1, [213 241], 1
[270 0], 1, [214 242], 1
[271 0], 1, [215 243], 1
[272 0], 1, [216 244], 1
[273 0], 1, [217 245], 1
[274 0], 1, [218 246], 1
[275 0], 1, [219 247], 1
[276 0], 1, [220 248], 1
[277 0], 1, [221 249], 1
[278 0], 1, [222 250], 1
[279 0], 1, [223 251], 1
[280 0], 1, [224 252], 1
[281 0], 1, [225 253], 1
[282 0], 1, [226 254], 1
[283 0], 1, [227 255], 1
[284 0], 1, [228 256], 1
[285 0], 1, [229 257], 1
[286 0], 1, [230 258], 1
[287 0], 1, [231 259], 1
[288 0], 1, [232 260], 1
[289 0], 1, [233 261], 1
[290 0], 1, [234 262], 1
[291 0], 1, [235 263], 1
[292 0], 1, [236 264], 1
[293 0], 1, [237 265], 1
[294 0], 1, [238 266], 1
[295 0], 1, [239 267], 1
[296 0], 1, [240 268], 1
[297 0], 1, [241 269], 1
[298 0], 1, [242 270], 1
[299 0], 1, [243 271], 1
[300 0], 1, [244 272], 1
[301 0], 1, [245 273], 1
[302 0], 1, [246 274], 1
[303 0], 1, [247 275], 1
[304 0], 1, [248 276], 1
[305 0], 1, [249 277], 1
[306 0], 1, [250 278], 1
[307 0], 1, [251 279], 1
[308 0], 1, [252 280], 1
[309 0], 1, [253 281], 1
[310 0], 1, [254 282], 1
[311 0], 1, [255 283], 1
[312 0], 1, [256 284], 1
[313 0], 1, [257 285], 1
[314 0], 1, [258 286], 1
[315 0], 1, [259 287], 1
[316 0], 1, [260 288], 1
[317 0], 1, [261 289], 1
[318 0], 1, [262 290], 1
[319 0], 1, [263 291], 1
[320 0], 1, [264 292], 1
[321 0], 1, [265 293], 1
[322 0], 1, [266 294], 1
[323 0], 1, [267 295], 1
[324 0], 1, [268 296], 1
[325 0], 1, [269 297], 1
[326 0], 1, [270 298], 1
[327 0], 1, [271 299], 1
[328 0], 1, [272 300], 1
[329 0], 1, [273 301], 1
[330 0], 1, [274 302], 1
[331 0], 1, [275 303], 1
[332 0], 1, [276 304], 1
[333 0], 1, [277 305], 1
[334 0], 1, [278 306], 1
[335 0], 1, [279 307], 1
[336 0], 1, [280 308], 1
[337 0], 1, [281 309], 1
[338 0], 1, [282 310], 1
[339 0], 1, [283 311], 1
[340 0], 1, [284 312], 1
[341 0], 1, [285 313], 1
[342 0], 1, [286 314], 1
[343 0], 1, [287 315], 1
[344 0], 1, [288 316], 1
[345 0], 1, [289 317], 1
[346 0], 1, [290 318], 1
[347 0], 1, [291 319], 1
[348 0], 1, [292 320], 1
[349 0], 1, [293 321], 1
[350 0], 1, [294 322], 1
[351 0], 1, [295 323], 1
[352 0], 1, [296 324], 1
[353 0], 1, [297 325], 1
[354 0], 1, [298 326], 1
[355 0], 1, [299 327], 1
[356 0], 1, [300 328], 1
[357 0], 1, [301 329], 1
[358 0], 1, [302 330], 1
[359 0], 1, [303 331], 1
[360 0], 1, [304 332], 1
[361 0], 1, [305 333], 1
[362 0], 1, [306 334], 1
[363 0], 1, [307 335], 1
[364 0], 1, [308 336], 1
[365 0], 1, [309 337], 1
[366 0], 1, [310 338], 1
[367 0], 1, [311 339], 1
[368 0], 1, [312 340], 1
[369 0], 1, [313 341], 1
[370 0], 1, [314 342], 1
[371 0], 1, [315 343], 1
[372 0], 1, [316 344], 1
[373 0], 1, [317 345], 1
[374 0], 1, [318 346], 1
[375 0], 1, [319 347], 1
[376 0], 1, [320 348], 1
[377 0], 1, [321 349], 1
[378 0], 1, [322 350], 1
[379 0], 1, [323 351], 1
[380 0], 1, [324 352], 1
[381 0], 1, [325 353], 1
[382 0], 1, [326 354], 1
[383 0], 1, [327 355], 1
[384 0], 1, [328 356], 1
[385 0], 1, [329 357], 1
[386 0], 1, [330 358], 1
[387 0], 1, [331 359], 1
[388 0], 1, [332 360], 1
[389 0], 1, [333 361], 1
[390 0], 1, [334 362], 1
[391 0], 1, [335 363], 1
[392 0], 1, [336 364], 1
[393 0], 1, [337 365], 1
[394 0], 1, [338 366], 1
[395 0], 1, [339 367], 1
[396 0], 1, [340 368], 1
[397 0], 1, [341 369], 1
[398 0], 1, [342 370], 1
[399 0], 1, [343 371], 1
[400 0], 1, [344 372], 1
[401 0], 1, [345 373], 1
[402 0], 1, [346 374], 1
[403 0], 1, [347 375], 1
[404 0], 1, [348 376], 1
[405 0], 1, [349 377], 1
[406 0], 1, [350 378], 1
[407 0], 1, [351 379], 1
[408 0], 1, [352 380], 1
[409 0], 1, [353 381], 1
[410 0], 1, [354 382], 1
[411 0], 1, [355 383], 1
[412 0], 1, [356 384], 1
[413 0], 1, [357 385], 1
[414 0], 1, [358 386], 1
[415 0], 1, [359 387], 1
[416 0], 1, [360 388], 1
[417 0], 1, [361 389], 1
[418 0], 1, [362 390], 1
[419 0], 1, [363 391], 1
[420 0], 1, [364 392], 1
[421 0], 1, [365 393], 1
[422 0], 1, [366 394], 1
[423 0], 1, [367 395], 1
[424 0], 1, [368 396], 1
[425 0], 1, [369 397], 1
[426 0], 1, [370 398], 1
[427 0], 1, [371 399], 1
[428 0], 1, [372 400], 1
[429 0], 1, [373 401], 1
[430 0], 1, [374 402], 1
[431 0], 1, [375 403], 1
[432 0], 1, [376 404], 1
[433 0], 1, [377 405], 1
[434 0], 1, [378 406], 1
[435 0], 1, [379 407], 1
[436 0], 1, [380 408], 1
[437 0], 1, [381 409], 1
[438 0], 1, [382 410], 1
[439 0], 1, [383 411], 1
[440 0], 1, [384 412], 1
[441 0], 1, [385 413], 1
[442 0], 1, [386 414], 1
[443 0], 1, [387 415], 1
[444 0], 1, [388 416], 1
[445 0], 1, [389 417], 1
[446 0], 1, [390 418], 1
[447 0], 1, [391 419], 1
[448 0], 1, [392 420], 1
[449 0], 1, [393 421], 1
[450 0], 1, [394 422], 1
[451 0], 1, [395 423], 1
[452 0], 1, [396 424], 1
[453 0], 1, [397 425], 1
[454 0], 1, [398 426], 1
[455 0], 1, [399 427], 1
[456 0], 1, [400 428], 1
[457 0], 1, [401 429], 1
[458 0], 1, [402 430], 1
[459 0], 1, [403 431], 1
[460 0], 1, [404 432], 1
[461 0], 1, [405 433], 1
[462 0], 1, [406 434], 1
[463 0], 1, [407 435], 1
[464 0], 1, [408 436], 1
[465 0], 1, [409 437], 1
[466 0], 1, [410 438], 1
[467 0], 1, [411 439], 1
[468 0], 1, [412 440], 1
[469 0], 1, [413 441], 1
[470 0], 1, [414 442], 1
[471 0], 1, [415 443], 1
[472 0], 1, [416 444], 1
[473 0], 1, [417 445], 1
[474 0], 1, [418 446], 1
[475 0], 1, [419 447], 1
[476 0], 1, [420 448], 1
[477 0], 1, [421 449], 1
[478 0], 1, [422 450], 1
[479 0], 1, [423 451], 1
[480 0], 1, [424 452], 1
[481 0], 1, [425 453], 1
[482 0], 1, [426 454], 1
[483 0], 1, [427 455], 1
[484 0], 1, [428 456], 1
[485 0], 1, [429 457], 1
[486 0], 1, [430 458], 1
[487 0], 1, [431 459], 1
[488 0], 1, [432 460], 1
[489 0], 1, [433 461], 1
[490 0], 1, [434 462], 1
[491 0], 1, [435 463], 1
[492 0], 1, [436 464], 1
[493 0], 1, [437 465], 1
[494 0], 1, [438 466], 1
[495 0], 1, [439 467], 1
[496 0], 1, [440 468], 1
[497 0], 1, [441 469], 1
[498 0], 1, [442 470], 1
[499 0], 1, [443 471], 1
[500 0], 1, [444 472], 1
[501 0], 1, [445 473], 1
[502 0], 1, [446 474], 1
[503 0], 1, [447 475], 1
[504 0], 1, [448 476], 1
[505 0], 1, [449 477], 1
[506 0], 1, [450 478], 1
[507 0], 1, [451 479], 1
[508 0], 1, [452 480], 1
[509 0], 1, [453 481], 1
[510 0], 1, [454 482], 1
[511 0], 1, [455 483], 1
[512 0], 1, [456 484], 1
[513 0], 1, [457 485], 1
[514 0], 1, [458 486], 1
[515 0], 1, [459 487], 1
[516 0], 1, [460 488], 1
[517 0], 1, [461 489], 1
[518 0], 1, [462 490], 1
[519 0], 1, [463 491], 1
[520 0], 1, [464 492], 1
[521 0], 1, [465 493], 1
[522 0], 1, [466 494], 1
[523 0], 1, [467 495], 1
[524 0], 1, [468 496], 1
[525 0], 1, [469 497], 1
[526 0], 1, [470 498], 1
[527 0], 1, [471 499], 1
[528 0], 1, [472 500], 1
[529 0], 1, [473 501], 1
[530 0], 1, [474 502], 1
[531 0], 1, [475 503], 1
[532 0], 1, [476 504], 1
[533 0], 1, [477 505], 1
[534 0], 1, [478 506], 1
[535 0], 1, [479 507], 1
[536 0], 1, [480 508], 1
[537 0], 1, [481 509], 1
[538 0], 1, [482 510], 1
[539 0], 1, [483 511], 1
[540 0], 1, [484 512], 1
[541 0], 1, [485 513], 1
[542 0], 1, [486 514], 1
[543 0], 1, [487 515], 1
[544 0], 1, [488 516], 1
[545 0], 1, [489 517], 1
[546 0], 1, [490 518], 1
[547 0], 1, [491 519], 1
[548 0], 1, [492 520], 1
[549 0], 1, [493 521], 1
[550 0], 1, [494 522], 1
[551 0], 1, [495 523], 1
[552 0], 1, [496 524], 1
[553 0], 1, [497 525], 1
[554 0], 1, [498 526], 1
[555 0], 1, [499 527], 1
[556 0], 1, [500 528], 1
[557 0], 1, [501 529], 1
[558 0], 1, [502 530], 1
[559 0], 1, [503 531], 1
[560 0], 1, [504 532], 1
[561 0], 1, [505 533], 1
[562 0], 1, [506 534], 1
[563 0], 1, [507 535], 1
[564 0], 1, [508 536], 1
[565 0], 1, [509 537], 1
[566 0], 1, [510 538], 1
[567 0], 1, [511 539], 1
[568 0], 1, [512 540], 1
[569 0], 1, [513 541], 1
[570 0], 1, [514 542], 1
[571 0], 1, [515 543], 1
[572 0], 1, [516 544], 1
[573 0], 1, [517 545], 1
[574 0], 1, [518 546], 1
[575 0], 1, [519 547], 1
[576 0], 1, [520 548], 1
[577 0], 1, [521 549], 1
[578 0], 1, [522 550], 1
[579 0], 1, [523 551], 1
[580 0], 1, [524 552], 1
[581 0], 1, [525 553], 1
[582 0], 1, [526 554], 1
[583 0], 1, [527 555], 1
[584 0], 1, [528 556], 1
[585 0], 1, [529 557], 1
[586 0], 1, [530 558], 1
[587 0], 1, [531 559], 1
[588 0], 1, [532 560], 1
[589 0], 1, [533 561], 1
[590 0], 1, [534 562], 1
[591 0], 1, [535 563], 1
[592 0], 1, [536 564], 1
[593 0], 1, [537 565], 1
[594 0], 1, [538 566], 1
[595 0], 1, [539 567], 1
[596 0], 1, [540 568], 1
[597 0], 1, [541 569], 1
[598 0], 1, [542 570], 1
[599 0], 1, [543 571], 1
[600 0], 1, [544 572], 1
[601 0], 1, [545 573], 1
[602 0], 1, [546 574], 1
[603 0], 1, [547 575], 1
[604 0], 1, [548 576], 1
[605 0], 1, [549 577], 1
[606 0], 1, [550 578], 1
[607 0], 1, [551 579], 1
[608 0], 1, [552 580], 1
[609 0], 1, [553 581], 1
[610 0], 1, [554 582], 1
[611 0], 1, [555 583], 1
[612 0], 1, [556 584], 1
[613 0], 1, [557 585], 1
[614 0], 1, [558 586], 1
[615 0], 1, [559 587], 1
[616 0], 1, [560 588], 1
[617 0], 1, [561 589], 1
[618 0], 1, [562 590], 1
[619 0], 1, [563 591], 1
[620 0], 1, [564 592], 1
[621 0], 1, [565 593], 1
[622 0], 1, [566 594], 1
[623 0], 1, [567 595], 1
[624 0], 1, [568 596], 1
[625 0], 1, [569 597], 1
[626 0], 1, [570 598], 1
[627 0], 1, [571 599], 1
[628 0], 1, [572 600], 1
[629 0], 1, [573 601], 1
[630 0], 1, [574 602], 1
[631 0], 1, [575 603], 1
[632 0], 1, [576 604], 1
[633 0], 1, [577 605], 1
[634 0], 1, [578 606], 1
[635 0], 1, [579 607], 1
[636 0], 1, [580 608], 1
[637 0], 1, [581 609], 1
[638 0], 1, [582 610], 1
[639 0], 1, [583 611], 1
[640 0], 1, [584 612], 1
[641 0], 1, [585 613], 1
[642 0], 1, [586 614], 1
[643 0], 1, [587 615], 1
[644 0], 1, [588 616], 1
[645 0], 1, [589 617], 1
[646 0], 1, [590 618], 1
[647 0], 1, [591 619], 1
[648 0], 1, [592 620], 1
[649 0], 1, [593 621], 1
[650 0], 1, [594 622], 1
[651 0], 1, [595 623], 1
[652 0], 1, [596 624], 1
[653 0], 1, [597 625], 1
[654 0], 1, [598 626], 1
[655 0], 1, [599 627], 1
[656 0], 1, [600 628], 1
[657 0], 1, [601 629], 1
[658 0], 1, [602 630], 1
[659 0], 1, [603 631], 1
[660 0], 1, [604 632], 1
[661 0], 1, [605 633], 1
[662 0], 1, [606 634], 1
[663 0], 1, [607 635], 1
[664 0], 1, [608 636], 1
[665 0], 1, [609 637], 1
[666 0], 1, [610 638], 1
[667 0], 1, [611 639], 1
[668 0], 1, [612 640], 1
[669 0], 1, [613 641], 1
[670 0], 1, [614 642], 1
[671 0], 1, [615 643], 1
[672 0], 1, [616 644], 1
[673 0], 1, [617 645], 1
[674 0], 1, [618 646], 1
[675 0], 1, [619 647], 1
[676 0], 1, [620 648], 1
[677 0], 1, [621 649], 1
[678 0], 1, [622 650], 1
[679 0], 1, [623 651], 1
[680 0], 1, [624 652], 1
[681 0], 1, [625 653], 1
[682 0], 1, [626 654], 1
[683 0], 1, [627 655], 1
[684 0], 1, [628 656], 1
[685 0], 1, [629 657], 1
[686 0], 1, [630 658], 1
[687 0], 1, [631 659], 1
[688 0], 1, [632 660], 1
[689 0], 1, [633 661], 1
[690 0], 1, [634 662], 1
[691 0], 1, [635 663], 1
[692 0], 1, [636 664], 1
[693 0], 1, [637 665], 1
[694 0], 1, [638 666], 1
[695 0], 1, [639 667], 1
[696 0], 1, [640 668], 1
[697 0], 1, [641 669], 1
[698 0], 1, [642 670], 1
[699 0], 1, [643 671], 1
[700 0], 1, [644 672], 1
[701 0], 1, [645 673], 1
[702 0], 1, [646 674], 1
[703 0], 1, [647 675], 1
[704 0], 1, [648 676], 1
[705 0], 1, [649 677], 1
[706 0], 1, [650 678], 1
[707 0], 1, [651 679], 1
[708 0], 1, [652 680], 1
[709 0], 1, [653 681], 1
[710 0], 1, [654 682], 1
[711 0], 1, [655 683], 1
[712 0], 1, [656 684], 1
[713 0], 1, [657 685], 1
[714 0], 1, [658 686], 1
[715 0], 1, [659 687], 1
[716 0], 1, [660 688], 1
[717 0], 1, [661 689], 1
[718 0], 1, [662 690], 1
[719 0], 1, [663 691], 1
[720 0], 1, [664 692], 1
[721 0], 1, [665 693], 1
[722 0], 1, [666 694], 1
[723 0], 1, [667 695], 1
[724 0], 1, [668 696], 1
[725 0], 1, [669 697], 1
[726 0], 1, [670 698], 1
[727 0], 1, [671 699], 1
[728 0], 1, [672 700], 1
[729 0], 1, [673 701], 1
[730 0], 1, [674 702], 1
[731 0], 1, [675 703], 1
[732 0], 1, [676 704], 1
[733 0], 1, [677 705], 1
[734 0], 1, [678 706], 1
[735 0], 1, [679 707], 1
[736 0], 1, [680 708], 1
[737 0], 1, [681 709], 1
[738 0], 1, [682 710], 1
[739 0], 1, [683 711], 1
[740 0], 1, [684 712], 1
[741 0], 1, [685 713], 1
[742 0], 1, [686 714], 1
[743 0], 1, [687 715], 1
[744 0], 1, [688 716], 1
[745 0], 1, [689 717], 1
[746 0], 1, [690 718], 1
[747 0], 1, [691 719], 1
[748 0], 1, [692 720], 1
[749 0], 1, [693 721], 1
[750 0], 1, [694 722], 1
[751 0], 1, [695 723], 1
[752 0], 1, [696 724], 1
[753 0], 1, [697 725], 1
[754 0], 1, [698 726], 1
[755 0], 1, [699 727], 1
[756 0], 1, [700 728], 1
[757 0], 1, [701 729], 1
[758 0], 1, [702 730], 1
[759 0], 1, [703 731], 1
[760 0], 1, [704 732], 1
[761 0], 1, [705 733], 1
[762 0], 1, [706 734], 1
[763 0], 1, [707 735], 1
[764 0], 1, [708 736], 1
[765 0], 1, [709 737], 1
[766 0], 1, [710 738], 1
[767 0], 1, [711 739], 1
[768 0], 1, [712 740], 1
[769 0], 1, [713 741], 1
[770 0], 1, [714 742], 1
[771 0], 1, [715 743], 1
[772 0], 1, [716 744], 1
[773 0], 1, [717 745], 1
[774 0], 1, [718 746], 1
[775 0], 1, [719 747], 1
[776 0], 1, [720 748], 1
[777 0], 1, [721 749], 1
[778 0], 1, [722 750], 1
[779 0], 1, [723 751], 1
[780 0], 1, [724 752], 1
[781 0], 1, [725 753], 1
[782 0], 1, [726 754], 1
[783 0], 1, [727 755], 1
